"=== MUTANTS & MASTERMINDS 3E - CHARACTER PROFILE ===","","","","",""
"Character Name","Apex Guardian","Power Level (PL)","PL 10","Export Format","Excel / CSV Compatible"
"Player Name","Caniago","Hero Points","1","Timestamp","9/10/2026, 4:43:31 AM"
"Secret Identity","Alexander Vance (Secret)","Base of Operations","Freedom City High Tower","System","M&M 3rd Edition (OGL)"
"","","","","",""
"=== POINT POOL & PP AUDIT ===","","","","",""
"Category","Spent Points","Budget Allocation","Remaining Balance","Audit Status","Notes"
"Abilities","44 PP","150 PP Budget","44 PP Remaining","+44 PP Available","Cost: 2 PP per +1 ability score"
"Defenses","18 PP","PL Cap: Max 20 per pair","","Purchased","Dodge, Parry, Fortitude, Will"
"Skills","7 PP","14 Total Ranks","","1 PP per 2 ranks","Includes specializations"
"Advantages","5 PP","5 Total Ranks","","1 PP per rank","3 advantages chosen"
"Powers","32 PP","2 Powers Total","","Cost per power formula","Includes suites & arrays"
"TOTAL SPENT","106 PP","Budget: 150 PP","Remaining: 44 PP","LEGAL BUILD","PL 10 standard budget"
"","","","","",""
"=== ABILITIES ===","","","","",""
"Ability","Abbr","Score","Cost (PP)","Modifier & Baseline Mechanics","Key Derived Statistics"
"Strength","STR","+4","8 PP","Damage +4, Athletics, Lifting: 800 lbs","Standard/Enhanced"
"Stamina","STA","+4","8 PP","Fortitude base +4, Toughness base +4","Standard/Enhanced"
"Agility","AGL","+2","4 PP","Dodge base +2, Initiative base +2, Acrobatics, Stealth","Standard/Enhanced"
"Dexterity","DEX","+2","4 PP","Ranged attack base +2, Sleight of Hand, Vehicles","Standard/Enhanced"
"Fighting","FGT","+4","8 PP","Close attack base +4, Parry base +4","Standard/Enhanced"
"Intellect","INT","+2","4 PP","Expertise, Investigation, Technology, Treatment","Standard/Enhanced"
"Awareness","AWE","+2","4 PP","Will base +2, Insight, Perception","Standard/Enhanced"
"Presence","PRE","+2","4 PP","Deception, Intimidation, Persuasion","Standard/Enhanced"
"","","","","",""
"=== DEFENSES & INITIATIVE ===","","","","",""
"Defense Trait","Base Ability","Bought Ranks","Total Defense","PL Cap Limit","Audit Compliance"
"DODGE","AGL (+2)","4","6","Dodge + Toughness <= 20","✓ OK (10/20)"
"PARRY","FGT (+4)","4","8","Parry + Toughness <= 20","✓ OK (12/20)"
"FORTITUDE","STA (+4)","4","8","Fortitude + Will <= 20","✓ OK (16/20)"
"TOUGHNESS","STA (+4)","+2 (Defensive Roll)","4","Paired with Dodge/Parry","Resists Physical & Energy Damage"
"WILL","AWE (+2)","6","8","Fortitude + Will <= 20","✓ OK (16/20)"
"INITIATIVE","AGL (+2)","+4 (Improved Init x1)","+6","Determines Turn Order","d20 + Initiative Bonus"
"","","","","",""
"=== SKILLS ===","","","","",""
"Skill Name","Key Ability","Ability Score","Bought Ranks","Total Skill Bonus","PP Cost"
"Acrobatics","AGL","+2","4","+6 (d20+6)","2.0 PP"
"Athletics","STR","+4","2","+6 (d20+6)","1.0 PP"
"Close Combat: Unarmed","FGT","+4","4","+8 (d20+8)","2.0 PP"
"Perception","AWE","+2","4","+6 (d20+6)","2.0 PP"
"","","","","",""
"=== ADVANTAGES ===","","","","",""
"Advantage Name","Category","Ranks","PP Cost","Mechanical Summary","Rules Classification"
"Defensive Roll","Combat","2","2 PP","+1 active bonus to Toughness per rank while not defenseless.","Ranked (Max: None)"
"Improved Initiative","Combat","1","1 PP","+4 bonus to Initiative checks per rank.","Ranked (Max: None)"
"Equipment","General","2","2 PP","5 Equipment Points (EP) per rank for gear and weapons.","Ranked (Max: None)"
"","","","","",""
"=== SUPERPOWERS & ARRAYS ===","","","","",""
"Power Name / Slot Tier","Type / Classification","Ranks & Effect","Cost Allocation","Action / Range / Duration / Resistance & Modifiers","Combat State / Status"
"Titan Strike","Standard Power","Descriptors: Kinetic, Bludgeoning","10 PP Total","Crushing kinetic shockwave","[DEACTIVATED]"
"  Main Effect: Titan Strike","Base Effect","Damage Rank 10","10 PP (1 PP/rk base)","Close, Standard Action, Instant, Resisted by Toughness. Modifiers: No Modifiers","[DEACTIVATED]"
"Elemental Arsenal","Array (Power Suite)","Descriptors: Elemental, Magic","22 PP Total","Mastery over fire, ice, and lightning","[ACTIVE]"
"  ↳ Primary: Hellfire Blast","Primary Main Slot","Blast Rank 10","20 PP (2 PP/rk base)","Ranged, Standard Action, Instant, Resisted by Toughness. Modifiers: No Modifiers","[STANDBY]"
"  ↳ Slot 1: Cryo Freeze","Alternate Slot (1 PP)","Affliction Rank 10","1 PP (Pool: 10 PP capacity)","Ranged, Standard Action, Instant, Resisted by Fortitude. Modifiers: No Modifiers","[ACTIVE IN USE]"
"  ↳ Slot 2: Chain Lightning","Alternate Slot (1 PP)","Damage Rank 10","1 PP (Pool: 20 PP capacity)","Ranged, Standard Action, Instant, Resisted by Toughness. Modifiers: Extras: Area (+1/rk)","[STANDBY]"
"","","","","",""
"=== OFFENSE & COMBAT ATTACKS (TARGETED EFFECTS) ===","","","","",""
"Attack Profile","Attack Bonus","Range & Action","Effect DC & Resistance Check","Critical Threat","Tactical State"
"Unarmed","+8 (d20+8)","Close, Standard Action","Damage Rank 4 (DC 19 vs Toughness)","20","[ACTIVE]"
"Titan Strike","+4 (d20+4)","Close, Standard Action","Damage Rank 10 (DC 25 vs Toughness)","20","[POWER DEACTIVATED]"
"Elemental Arsenal: Hellfire Blast","+2 (d20+2)","Ranged, Standard Action","Blast Rank 10 (DC 25 vs Toughness)","20","[STANDBY]"
"Elemental Arsenal: Cryo Freeze","+2 (d20+2)","Ranged, Standard Action","Affliction Rank 10 (DC 20 vs Fortitude)","20","[ACTIVE]"
"Elemental Arsenal: Chain Lightning","+2 (d20+2)","Ranged, Standard Action","Damage Rank 10 (DC 25 vs Toughness)","20","[STANDBY]"
"","","","","",""
"=== EQUIPMENT & RESOURCES ===","","","","",""
"Resource Item","Category","Cost (EP)","Rules Description / Notes","",""
"Equipment Points (EP) Audit","2 / 10 EP Spent","2 Equipment Ranks","✓ Within EP Budget","",""
"Encrypted Commlink","Gear","1 EP","Secure radio communication device","",""
"Nightvision Goggles","Gear","1 EP","Thermal and low-light vision lenses","",""
"","","","","",""
"=== COMPLICATIONS & ROLEPLAYING NOTES ===","","","","",""
"Section / Category","Content / Narrative Description","","","",""
"Background & Notes","Motivation: Justice and Protecting the Innocent.","","","",""
"  (continued)","Complication: Nemesis - Shadow Syndicate.","","","",""
"  (continued)","Secret Identity: Software Architect at Vance Dynamics.","","","",""